,City,Latitude,Longitude,Temperature,Humidity,Clouds,Wind Speed
0,ostrovnoy,68.05,39.51,57.9,80,86,4.05
1,mahebourg,-20.41,57.7,69.8,77,75,12.75
2,qaanaaq,77.48,-69.36,46.78,54,0,5.41
3,zhuhai,22.28,113.57,85.35,89,20,8.05
4,cape town,-33.93,18.42,52.84,71,20,9.17
5,atuona,-9.8,-139.03,79.92,73,3,25.21
6,flinders,-34.58,150.86,60.71,95,100,13.0
7,opuwo,-18.06,13.84,58.17,39,0,8.3
8,tiksi,71.69,128.87,37.13,94,100,12.75
9,pushkinskiye gory,57.02,28.91,54.88,84,10,3.94
10,aykhal,66.0,111.5,33.8,100,90,8.95
11,castro,-24.79,-50.01,57.54,88,97,3.42
12,avarua,-21.21,-159.78,71.6,88,96,5.82
13,saskylakh,71.92,114.08,37.78,94,100,18.39
14,constitucion,-35.33,-72.42,52.9,89,100,5.39
15,albany,42.6,-73.97,87.53,37,40,7.96
16,vilyuysk,63.76,121.62,57.42,80,49,2.68
17,ushuaia,-54.8,-68.3,33.8,86,90,20.8
18,bambous virieux,-20.34,57.76,69.89,77,75,12.75
19,kodinsk,58.69,99.18,53.26,92,43,1.43
20,teknaf,20.86,92.31,80.74,88,92,2.95
21,busselton,-33.65,115.33,60.71,82,59,18.63
22,ambon,-3.7,128.18,78.8,83,40,10.29
23,maragogi,-9.01,-35.22,74.84,81,80,13.15
24,fallon,39.47,-118.78,95.97,11,40,6.93
25,kantang,7.41,99.52,76.8,85,100,2.35
26,colonelganj,27.13,81.7,88.09,59,91,2.86
27,punta arenas,-53.15,-70.92,35.29,74,20,17.22
28,rikitea,-23.12,-134.97,70.23,78,0,20.2
29,new norfolk,-42.78,147.06,43.5,86,100,2.3
30,gobabis,-22.45,18.97,51.8,43,0,3.36
31,qingdao,36.1,120.37,71.94,94,40,2.24
32,port hardy,50.7,-127.42,59.0,87,40,4.7
33,arman,59.7,150.17,60.48,68,73,3.83
34,mamakan,57.82,114.0,61.45,76,100,1.74
35,bethel,41.37,-73.41,85.57,45,1,8.05
36,clinton,42.59,-82.92,92.01,49,75,11.41
37,varhaug,58.61,5.65,54.66,99,15,7.0
38,ayan,56.45,138.17,57.09,75,0,3.78
39,mayor pablo lagerenza,-19.93,-60.77,74.57,41,100,4.41
40,hermanus,-34.42,19.23,46.99,83,15,1.01
41,torbay,47.67,-52.73,56.88,100,90,13.87
42,yellowknife,62.46,-114.35,73.15,43,20,11.41
43,kruisfontein,-34.0,24.73,51.01,90,60,1.01
44,puerto ayora,-0.74,-90.35,73.17,61,20,20.8
45,rosita,13.93,-84.4,80.33,86,100,3.4
46,beloha,-25.17,45.05,59.45,56,0,6.13
47,port elizabeth,-33.92,25.57,55.4,87,75,10.29
48,port alfred,-33.59,26.89,56.88,70,51,9.93
49,garchitorena,13.88,123.69,80.67,82,23,2.17
50,kodiak,57.79,-152.41,60.8,72,20,10.29
51,mar del plata,-38.0,-57.56,51.73,76,100,11.41
52,taybad,34.74,60.78,77.4,26,0,10.69
53,cabo san lucas,22.89,-109.91,88.12,52,5,9.17
54,tiarei,-17.53,-149.33,84.2,66,75,16.11
55,khatanga,71.97,102.5,41.04,81,100,10.11
56,pisco,-13.7,-76.22,63.79,72,75,8.05
57,kolyvan,55.31,82.74,53.6,100,57,2.24
58,hofn,64.25,-15.21,48.63,70,100,11.56
59,bontang,0.13,117.5,76.06,89,82,8.9
60,sault sainte marie,46.52,-84.33,76.03,88,90,5.82
61,zhigansk,66.77,123.37,48.15,70,1,11.61
62,thompson,55.74,-97.86,59.0,87,90,10.29
63,pevek,69.7,170.31,54.82,66,89,9.44
64,nanortalik,60.14,-45.24,45.99,83,42,3.8
65,bilibino,68.05,166.44,79.65,29,5,24.11
66,dikson,73.51,80.55,38.1,92,90,15.14
67,hambantota,6.12,81.12,84.2,66,90,10.29
68,beja,36.73,9.18,80.55,53,0,5.82
69,fortuna,40.6,-124.16,61.0,80,17,3.0
70,ponta do sol,32.67,-17.1,65.97,68,20,18.34
71,qasigiannguit,68.82,-51.19,44.6,93,100,3.36
72,butaritari,3.07,172.79,83.52,74,1,13.06
73,virginia beach,36.85,-75.98,82.96,83,75,8.05
74,hobyo,5.35,48.53,77.74,75,18,20.98
75,saint george,37.1,-113.58,101.25,12,1,6.93
76,pontes e lacerda,-15.23,-59.34,79.21,32,77,3.36
77,khor,47.89,134.95,70.27,90,52,4.05
78,crotone,39.09,17.12,76.39,60,0,4.79
79,baglung,28.27,83.59,71.83,78,99,1.16
80,raglan,-37.8,174.88,46.99,95,2,5.99
81,jamestown,42.1,-79.24,81.43,57,75,10.29
82,sur,22.57,59.53,87.89,61,93,9.98
83,araouane,18.9,-3.53,99.34,28,66,6.08
84,emerald,-23.53,148.17,53.78,66,30,1.12
85,launceston,-41.45,147.17,45.63,100,90,3.36
86,nikolskoye,59.7,30.79,54.55,87,0,1.68
87,ambilobe,-13.2,49.05,67.26,84,100,2.53
88,cidreira,-30.18,-50.21,57.54,81,100,15.1
89,ternate,0.8,127.4,77.38,83,100,4.47
90,tarauaca,-8.16,-70.77,79.18,69,15,2.77
91,bella vista,36.43,-94.23,89.64,55,1,5.82
92,xichang,27.9,102.26,61.32,77,25,1.48
93,antioch,36.21,36.16,78.8,74,0,5.82
94,najran,17.49,44.13,73.4,83,40,13.87
95,agirish,61.92,63.02,53.22,88,0,4.27
96,mataura,-46.19,168.86,39.0,83,0,3.0
97,katsuura,35.13,140.3,79.29,90,50,3.0
98,shalinskoye,55.72,93.76,54.34,96,99,2.8
99,barrow,71.29,-156.79,44.6,93,90,14.99
100,sorong,-0.88,131.25,76.87,89,91,10.6
101,kingston,18.0,-76.79,88.5,59,20,23.04
102,ketchikan,55.34,-131.65,57.2,100,90,13.87
103,kapaa,22.08,-159.32,80.78,74,90,19.46
104,mbigou,-1.9,11.91,67.32,92,97,5.14
105,yakeshi,49.28,120.73,69.12,61,0,5.01
106,hilo,19.73,-155.09,80.13,46,20,14.99
107,whitehorse,60.72,-135.05,62.85,42,75,11.41
108,bonthe,7.53,-12.51,75.87,80,100,12.73
109,bara,10.37,10.73,74.17,90,100,7.9
110,lompoc,34.64,-120.46,68.38,64,10,17.22
111,port blair,11.67,92.75,81.81,77,100,1.45
112,bredasdorp,-34.53,20.04,42.8,87,20,3.36
113,thinadhoo,0.53,72.93,82.4,71,100,6.78
114,koumac,-20.57,164.28,73.33,71,0,2.26
115,faanui,-16.48,-151.75,79.02,81,43,16.58
116,xam nua,20.42,104.04,67.48,93,100,2.53
117,east london,-33.02,27.91,60.44,66,90,13.78
118,sao filipe,14.9,-24.5,76.26,85,94,6.67
119,deputatskiy,69.3,139.9,56.14,73,36,4.63
120,chuy,-33.7,-53.46,48.56,83,100,7.14
121,sitka,57.05,-135.33,55.4,93,90,9.17
122,forio,40.73,13.86,77.14,57,2,1.01
123,russkaya polyana,49.42,31.92,66.24,83,100,5.91
124,san felipe,10.34,-68.74,77.61,88,100,2.15
125,arraial do cabo,-22.97,-42.03,71.6,94,20,3.36
126,margate,51.38,1.39,62.31,80,100,3.0
127,aklavik,68.22,-135.01,69.8,49,75,4.7
128,lokosovo,61.13,74.82,51.12,87,27,4.79
129,paita,-5.09,-81.11,66.33,75,44,18.19
130,cravo norte,6.3,-70.2,79.88,79,52,4.32
131,motygino,58.18,94.76,54.12,96,95,1.39
132,west wendover,40.74,-114.07,96.8,11,1,8.05
133,adrar,20.5,-10.07,95.92,26,0,7.92
134,melfi,41.0,15.65,74.73,60,5,1.12
135,kibaya,-5.3,36.57,54.5,91,6,5.66
136,iqaluit,63.75,-68.51,53.6,76,40,3.36
137,lavrentiya,65.58,-171.0,62.35,59,92,16.49
138,morondava,-20.28,44.28,67.66,64,0,10.25
139,vaini,-21.2,-175.2,71.6,83,75,9.17
140,georgetown,5.41,100.34,78.08,94,20,4.7
141,sanchazi,42.08,126.6,66.67,89,91,1.36
142,sarai mir,26.02,82.92,86.5,62,76,5.12
143,yichun,47.7,128.9,68.92,83,59,2.95
144,plainview,40.78,-73.47,88.5,59,1,11.41
145,comodoro rivadavia,-45.87,-67.5,39.2,80,40,10.29
146,nardaran,40.56,50.01,77.0,94,0,9.17
147,nagua,19.38,-69.85,86.0,74,40,6.93
148,ibra,22.69,58.53,82.31,63,98,4.16
149,ganzhou,28.82,115.43,76.95,93,100,5.3
150,talnakh,69.49,88.4,44.6,87,81,15.66
151,coahuayana,18.73,-103.68,80.6,74,75,5.73
152,sinnamary,5.38,-52.95,79.9,83,8,8.57
153,porto novo,6.5,2.6,77.0,88,40,10.29
154,havoysund,71.0,24.66,64.4,63,0,20.8
155,bjornevatn,69.67,29.98,60.8,72,1,12.75
156,narsaq,60.92,-46.05,51.8,71,90,10.29
157,charlestown,-32.95,151.67,55.31,97,100,5.99
158,trat,12.5,102.5,76.37,85,84,1.28
159,manado,1.49,124.85,75.2,88,20,2.24
160,trapani,37.83,12.67,75.85,69,0,2.24
161,sao joao da barra,-21.64,-41.05,73.4,88,75,13.87
162,saint-philippe,-21.36,55.77,62.31,77,66,4.7
163,haines junction,60.75,-137.51,59.52,47,26,16.84
164,kathmandu,27.72,85.32,71.6,100,75,3.36
165,norman wells,65.28,-126.83,73.4,43,75,12.75
166,brainerd,46.36,-94.2,81.55,42,1,12.75
167,yumen,40.28,97.2,69.24,24,0,4.32
168,straumen,63.87,11.3,68.0,52,100,16.11
169,camacha,33.08,-16.33,69.8,68,40,12.75
170,teya,60.38,92.63,48.85,89,0,1.07
171,vitim,59.45,112.56,59.74,67,100,7.58
172,antsohihy,-14.88,47.99,73.09,60,100,8.61
173,kavieng,-2.57,150.8,82.83,76,100,8.03
174,la esperanza,14.87,-91.57,80.6,83,75,9.17
175,clyde river,70.47,-68.59,46.4,81,1,6.93
176,nador,35.17,-2.93,77.97,83,40,3.36
177,keflavik,64.0,-22.56,50.67,87,83,12.75
178,faya,18.39,42.45,68.0,72,40,5.82
179,chokurdakh,70.63,147.92,43.32,79,99,16.11
180,le marin,14.47,-60.87,81.37,70,40,13.87
181,tasiilaq,65.61,-37.64,44.6,81,79,6.93
182,udachnyy,66.42,112.4,33.8,100,90,8.95
183,monrovia,6.3,-10.8,76.69,76,87,11.45
184,burnie,-41.07,145.92,50.0,81,100,5.23
185,kaitangata,-46.28,169.85,46.0,76,0,4.0
186,yamada,39.47,141.95,67.6,93,100,3.78
187,mackay,-21.15,149.2,59.0,72,0,8.05
188,lagoa,39.05,-27.98,72.46,92,49,11.14
189,bluff,-46.6,168.33,39.0,83,0,3.0
190,saint-georges,12.06,-61.75,86.0,70,20,11.41
191,naryan-mar,67.67,53.09,55.85,89,55,7.83
192,port hedland,-20.32,118.57,51.8,29,7,8.05
193,hithadhoo,-0.6,73.08,82.44,69,97,9.04
194,beringovskiy,63.05,179.32,65.84,65,45,4.21
195,codrington,-38.27,141.97,51.08,84,73,17.92
196,ilulissat,69.22,-51.1,44.6,93,100,3.36
197,coquimbo,-29.95,-71.34,59.0,67,51,4.7
198,grand baie,-20.02,57.58,70.0,71,100,10.0
199,kaabong,3.48,34.15,62.42,92,47,2.66
200,lazaro cardenas,17.96,-102.2,86.32,63,26,9.35
201,luanda,-8.84,13.23,71.6,88,100,8.05
202,rio gallegos,-51.62,-69.22,33.8,80,46,17.22
203,namatanai,-3.67,152.43,82.17,74,100,3.89
204,severo-kurilsk,50.68,156.12,52.03,89,99,17.2
205,hutang,31.53,119.48,73.0,99,100,2.42
206,namioka,40.71,140.59,67.64,93,75,3.36
207,mnogovershinnyy,53.94,139.92,61.77,52,56,1.3
208,san rafael del sur,11.85,-86.44,87.8,62,40,9.17
209,paamiut,61.99,-49.67,46.67,88,15,3.58
210,ribeira grande,38.52,-28.7,73.31,90,55,5.28
211,labuhan,-6.88,112.21,72.28,87,55,8.95
212,mount gambier,-37.83,140.77,48.2,81,75,10.29
213,pesca,5.55,-73.05,56.7,72,69,3.18
214,mount isa,-20.73,139.5,53.6,45,0,9.17
215,le port,-20.94,55.29,63.43,68,75,19.46
216,hobart,-42.88,147.33,44.33,87,75,3.36
217,dublin,37.7,-121.94,82.92,17,1,14.99
218,salalah,17.02,54.09,78.8,94,75,3.36
219,beisfjord,68.38,17.6,64.4,52,47,12.75
220,ust-tsilma,65.44,52.15,64.72,56,92,3.87
221,marawi,8.0,124.29,75.99,92,39,3.0
222,samana,19.21,-69.34,86.0,79,75,6.93
223,koronowo,53.31,17.94,65.48,93,100,2.24
224,ekimchan,53.07,132.97,66.33,84,47,0.65
225,carnarvon,-24.87,113.63,50.0,100,0,6.93
226,saint-denis,48.92,2.33,67.57,60,85,3.36
227,tabas,33.6,56.92,98.6,14,0,4.7
228,san pedro,14.35,121.02,79.83,88,60,1.12
229,aketi,2.74,23.78,67.6,94,96,1.23
230,moses lake,47.13,-119.28,93.24,14,1,3.36
231,mocuba,-16.84,36.99,59.54,97,6,2.28
232,hamilton,39.18,-84.53,91.83,49,1,8.05
233,san juan del sur,11.25,-85.87,86.0,66,40,8.14
234,katobu,-4.94,122.53,72.36,91,72,3.24
235,banjar,-8.19,114.97,78.8,100,20,9.17
236,provideniya,64.38,-173.3,48.2,81,99,13.42
237,andradas,-22.07,-46.57,62.76,62,0,3.76
238,bose,45.46,8.01,70.7,71,20,4.61
239,manzhouli,49.6,117.43,67.82,72,13,5.7
240,lockhart,28.62,-81.44,87.96,62,1,9.17
241,anadyr,64.75,177.48,66.09,77,43,11.18
242,bandarbeyla,9.49,50.81,79.29,71,0,22.5
243,buchach,49.06,25.39,69.01,69,81,1.01
244,pasni,25.26,63.47,84.56,80,100,13.33
245,tuktoyaktuk,69.45,-133.04,66.2,63,75,6.93
246,okha,53.57,142.95,56.8,80,0,6.58
247,puerto escondido,15.85,-97.07,86.0,70,75,5.82
248,ancud,-41.87,-73.82,41.92,75,75,12.75
249,lebu,-37.62,-73.65,50.2,81,97,10.11
250,port lincoln,-34.73,135.87,55.29,85,38,13.11
251,leningradskiy,69.38,178.42,66.49,49,61,9.28
252,kajaani,64.23,27.73,50.0,100,0,3.36
253,murray bridge,-35.12,139.27,47.55,95,2,8.46
254,rocha,-34.48,-54.33,47.19,89,100,7.87
255,tagusao,9.19,117.81,79.48,78,52,2.39
256,cobija,-11.03,-68.77,77.31,61,90,1.05
257,port-gentil,-0.72,8.78,75.2,88,20,13.11
258,te anau,-45.42,167.72,39.07,81,21,1.25
259,hami,42.8,93.45,82.17,19,0,18.12
260,pahrump,36.21,-115.98,102.47,14,3,1.99
261,fort frances,48.6,-93.4,78.17,44,1,9.17
262,umtata,-31.59,28.78,50.0,81,62,4.7
263,markova,48.68,24.41,61.52,86,91,4.41
264,saint-leu,-21.15,55.28,62.38,77,59,4.7
265,jalu,29.03,21.55,80.01,51,0,11.88
266,alice springs,-23.7,133.88,39.2,80,0,3.36
267,zaraza,9.35,-65.32,79.09,93,100,3.24
268,dingle,11.0,122.67,76.44,87,14,2.51
269,bodden town,19.28,-81.25,87.6,70,20,17.22
270,griffith,41.53,-87.42,91.38,59,40,12.75
271,coihaique,-45.58,-72.07,33.8,59,40,4.7
272,sao felix do xingu,-6.64,-51.99,78.66,45,0,1.63
273,santa rosa,14.31,121.11,79.83,88,42,1.12
274,goderich,43.75,-81.72,84.69,67,99,12.71
275,vila velha,-20.33,-40.29,71.6,94,75,3.36
276,rabo de peixe,37.8,-25.58,69.8,88,20,10.29
277,soyo,-6.13,12.37,72.41,84,0,8.3
278,cayenne,4.93,-52.33,78.8,88,64,9.42
279,saldanha,-33.01,17.94,48.2,81,0,5.82
280,santa ines,-3.67,-45.38,76.68,68,25,0.98
281,hasaki,35.73,140.83,78.26,88,75,5.82
282,slave lake,55.28,-114.77,68.0,68,1,4.7
283,christchurch,-43.53,172.63,46.17,100,0,3.36
284,kibakwe,-6.72,36.37,58.75,74,0,3.87
285,luderitz,-26.65,15.16,62.6,63,0,6.93
286,san andres,12.58,-81.7,80.6,88,90,4.7
287,pangnirtung,66.15,-65.71,53.85,63,100,4.21
288,san quintin,30.48,-115.95,74.08,65,4,14.18
289,union,40.63,-74.27,91.54,31,75,13.87
290,dudinka,69.41,86.18,44.6,87,92,15.66
291,florida,28.75,-82.5,84.81,70,1,7.27
292,madikeri,12.42,75.73,75.2,94,40,3.36
293,esperance,-33.87,121.9,50.0,87,86,20.8
294,takoradi,4.88,-1.76,74.7,85,71,10.42
295,lokomotivnyy,53.01,60.57,56.43,92,55,6.2
296,khash,28.22,61.22,69.62,82,1,4.68
297,mogok,22.92,96.5,67.42,100,100,2.48
298,mikkeli,61.69,27.27,55.99,94,0,3.67
299,jiuquan,39.74,98.52,71.69,22,19,8.08
300,betafo,-19.83,46.85,44.76,80,1,5.41
301,aitape,-3.14,142.35,79.11,81,99,5.12
302,alofi,-19.06,-169.92,75.2,88,57,13.87
303,yulara,-25.24,130.99,39.2,80,0,7.27
304,kvarkeno,52.08,59.73,57.43,93,48,5.35
305,salinopolis,-0.61,-47.36,79.86,79,26,8.97
306,chunhuhub,19.55,-88.68,87.01,60,100,6.67
307,dunedin,-45.87,170.5,48.0,71,0,10.0
308,nioro,13.35,-15.75,78.94,87,100,9.42
309,upernavik,72.79,-56.15,44.91,86,91,5.82
310,airai,-8.93,125.41,53.24,81,79,4.7
311,balkanabat,39.51,54.37,92.25,31,0,3.89
312,syumsi,57.11,51.61,54.77,94,48,3.74
313,loukhi,66.08,33.04,52.39,95,97,3.11
314,baruun-urt,46.68,113.28,60.19,80,28,8.01
315,miraflores,19.22,-98.81,68.86,63,75,5.82
316,gunjur,13.2,-16.73,80.6,94,20,6.64
317,wajima,37.4,136.9,74.61,90,86,8.9
318,buala,-8.14,159.59,82.33,80,69,11.16
319,acari,-15.43,-74.62,68.59,51,0,6.91
320,banfora,10.63,-4.77,74.25,90,15,5.23
321,mandera,3.94,41.87,78.6,62,16,17.4
322,tshikapa,-6.42,20.8,70.39,31,0,1.43
323,juneau,58.3,-134.42,59.47,87,90,8.05
324,sidney,-33.87,151.21,58.6,99,100,1.99
325,edd,13.93,41.69,87.49,61,100,9.28
326,cockburn town,21.46,-71.14,83.01,80,0,15.14
327,kizukuri,40.81,140.39,67.75,93,75,3.36
328,vung tau,10.35,107.08,81.86,74,94,3.22
329,mahon,39.89,4.27,75.2,78,0,3.36
330,biltine,14.53,20.92,90.73,37,91,10.69
331,ishigaki,24.34,124.16,82.4,94,40,9.17
332,morant bay,17.88,-76.41,88.45,59,20,23.04
333,raduzhnyy,62.1,77.47,49.87,74,1,7.05
334,san patricio,19.22,-104.7,89.6,75,40,11.41
335,hulan ergi,47.2,123.63,74.71,67,0,5.14
336,thayetmyo,19.32,95.18,78.57,84,100,3.83
337,acapulco,16.86,-99.89,87.8,66,75,8.05
338,port shepstone,-30.74,30.45,62.47,78,82,16.28
339,tautira,-17.73,-149.15,84.2,66,75,16.11
340,la libertad,-2.23,-80.9,69.57,84,57,12.28
341,raymond,43.9,-70.47,83.48,65,56,6.35
342,road town,18.42,-64.62,84.78,70,40,12.75
343,yar-sale,66.83,70.83,45.81,83,14,8.46
344,iwanai,42.97,140.51,66.51,82,100,5.08
345,eseka,3.65,10.77,70.86,96,98,1.52
346,chiredzi,-21.05,31.67,56.26,59,0,3.67
347,tigil,57.8,158.67,60.04,61,0,6.73
348,avera,33.19,-82.53,89.08,55,90,5.82
349,muzhi,65.37,64.67,52.21,79,72,3.04
350,komsomolskiy,40.43,71.72,73.4,60,75,4.7
351,chapais,49.78,-74.85,69.8,94,40,4.7
352,biak,-0.91,122.88,75.76,81,98,6.98
353,darhan,49.49,105.92,59.56,90,8,1.63
354,daru,-9.08,143.21,76.78,89,100,14.58
355,onokhoy,51.93,108.07,60.8,93,90,5.32
356,leh,34.17,77.58,62.82,40,4,4.34
357,banda aceh,5.56,95.32,79.32,77,99,7.49
358,alyangula,-13.85,136.42,71.6,64,40,5.82
359,sorland,67.67,12.69,69.8,43,79,16.11
360,fort nelson,58.81,-122.7,78.8,41,20,5.82
361,boyolangu,-8.12,111.89,71.29,88,61,5.46
362,datong,40.09,113.29,63.03,82,67,4.41
363,vila franca do campo,37.72,-25.43,69.8,88,20,10.29
364,akureyri,65.68,-18.09,46.4,75,75,8.05
365,ulladulla,-35.35,150.47,55.92,100,90,34.45
366,ust-barguzin,53.45,108.98,54.23,95,100,6.91
367,pampierstad,-27.78,24.69,44.8,58,0,4.68
368,zyryanovsk,49.74,84.27,52.48,88,33,0.92
369,cooma,-36.23,149.13,44.6,100,90,20.8
370,sfantu gheorghe,45.87,25.78,59.99,79,56,0.89
371,carballo,43.21,-8.69,61.2,88,0,0.49
372,shimoda,34.67,138.95,77.0,87,99,1.99
373,novonukutskiy,53.7,102.71,57.99,89,100,0.85
374,reguengos de monsaraz,38.43,-7.53,86.0,45,0,9.17
375,ocean city,39.28,-74.57,86.76,52,20,9.17
376,qinhuangdao,39.93,119.59,73.44,70,92,3.69
377,muskegon,43.3,-86.13,87.48,55,40,17.22
378,kargasok,59.06,80.86,54.64,86,99,5.66
379,auki,-8.77,160.7,81.23,81,75,4.38
380,kayseri,38.74,35.5,66.2,48,0,5.82
381,quanzhou,24.91,118.59,82.4,88,20,4.47
382,nago,26.59,127.98,81.68,88,75,12.75
383,medicine hat,50.05,-110.67,80.08,29,20,11.41
384,cherskiy,68.75,161.3,78.49,35,6,15.75
385,santa maria,-29.68,-53.81,57.2,67,12,5.82
386,north bend,43.41,-124.22,77.54,68,1,11.41
387,el alto,-4.27,-81.21,66.11,77,12,17.63
388,geraldton,-28.77,114.6,53.6,76,0,17.22
389,souillac,-20.52,57.52,69.8,77,75,12.75
390,la ronge,55.1,-105.28,69.8,64,75,6.93
391,namibe,-15.2,12.15,66.56,82,4,5.84
392,westport,41.14,-73.36,88.5,51,0,9.75
393,juiz de fora,-21.76,-43.35,64.4,59,0,2.24
394,lagos,6.58,3.75,77.0,88,40,5.82
395,half moon bay,37.46,-122.43,73.45,60,5,10.29
396,nelson bay,-32.72,152.15,57.09,93,90,19.46
397,tuatapere,-46.13,167.68,39.0,83,1,3.0
398,grindavik,63.84,-22.43,50.0,87,83,12.75
399,xining,36.62,101.77,55.06,56,40,2.98
400,kieta,-6.22,155.63,82.33,73,98,6.51
401,kalabo,-14.97,22.68,54.41,50,0,5.28
402,sambava,-14.27,50.17,68.18,90,100,13.24
403,wawa,9.9,4.42,74.8,91,28,3.47
404,manama,26.22,50.58,93.2,67,21,4.7
405,labuan,5.28,115.24,77.5,100,40,2.24
406,wexford,52.33,-6.46,59.32,90,100,7.0
407,kyren,51.68,102.14,56.75,74,100,1.34
408,boquira,-12.82,-42.73,72.66,55,49,7.07
409,bathsheba,13.22,-59.52,82.4,78,40,17.22
410,ogbomosho,8.13,4.25,71.46,95,75,6.55
411,longyearbyen,78.22,15.64,59.0,72,40,4.7
412,diu,20.71,70.98,82.11,83,9,8.84
413,shebalino,51.29,85.68,49.1,85,2,1.79
414,kalat,29.02,66.59,69.91,59,43,0.94
415,hare bay,48.85,-54.01,60.39,93,90,11.41
416,kirkuk,35.47,44.39,91.38,12,0,5.88
417,tabou,4.42,-7.35,75.31,80,78,9.15
418,ahipara,-35.17,173.17,53.31,66,0,5.53
419,byron bay,-28.65,153.62,60.19,55,13,20.8
420,isangel,-19.55,169.27,77.0,83,40,11.41
421,saint-joseph,-21.37,55.62,62.44,77,70,4.7
422,susuman,62.78,148.17,65.97,49,51,5.46
423,plattling,48.78,12.87,59.11,90,96,3.27
424,arenapolis,-14.45,-56.85,79.81,30,0,2.82
425,tocopilla,-22.09,-70.2,61.7,61,13,4.56
426,arroyo,41.61,-4.8,75.0,27,0,2.24
427,hastings,50.86,0.57,60.1,90,100,3.0
428,okhotsk,59.38,143.3,58.5,75,0,2.89
429,maniitsoq,65.42,-52.9,47.77,85,65,4.32
430,meulaboh,4.14,96.13,75.43,88,100,5.03
431,cartagena del chaira,1.33,-74.84,73.78,94,91,2.44
432,macau,22.2,113.55,84.94,89,20,8.05
433,svodin,47.91,18.5,67.96,90,95,2.33
434,victoria,22.29,114.16,84.38,74,43,8.99
435,dong xoai,11.53,106.92,74.8,92,67,2.24
436,zaysan,47.47,84.87,63.01,60,68,2.42
437,sioux lookout,50.1,-91.92,78.8,36,20,10.29
438,waipawa,-41.41,175.52,46.18,81,0,5.82
439,vila do maio,15.13,-23.22,75.2,88,20,13.87
440,brae,60.4,-1.35,53.6,87,54,8.05
441,russkiy aktash,55.04,52.12,59.0,82,90,2.24
442,kokstad,-30.55,29.42,46.33,83,99,4.65
443,lucapa,-8.42,20.74,65.64,31,0,4.03
444,birjand,32.87,59.22,73.4,25,0,6.93
445,ingham,42.6,-84.38,87.91,62,1,5.82
446,henties bay,-22.12,14.28,60.01,85,0,5.44
447,tilichiki,60.47,166.1,64.29,51,0,4.76
448,doha,25.29,51.53,94.44,63,26,2.24
449,makakilo city,21.35,-158.09,80.19,78,75,5.82
450,lorengau,-2.02,147.27,82.6,79,100,7.14
451,anan,33.92,134.65,75.2,100,75,11.41
452,synya,65.37,58.04,55.38,79,0,5.77
453,thanatpin,17.21,96.3,78.8,94,40,4.7
454,altagracia de orituco,9.86,-66.38,74.86,93,100,2.08
455,anqing,30.51,117.05,75.36,89,100,4.47
456,nome,64.5,-165.41,58.77,76,75,13.87
457,lahaina,20.88,-156.68,76.51,83,90,9.17
458,hereford,52.06,-2.71,60.26,84,100,1.99
459,san ramon de la nueva oran,-23.13,-64.33,60.91,32,0,2.17
460,manuk mangkaw,4.8,119.85,84.18,72,93,8.99
461,prainha,-1.8,-53.48,83.08,60,16,2.51
462,pacific grove,36.62,-121.92,68.07,64,1,12.75
463,tam ky,15.57,108.48,77.0,88,20,4.7
464,atasu,48.68,71.64,66.97,45,52,7.23
465,seshcha,53.74,33.34,61.38,96,85,6.53
466,norilsk,69.35,88.2,44.6,87,78,15.66
467,los teques,10.34,-67.04,76.55,83,75,3.36
468,san cristobal,7.77,-72.22,84.2,66,40,11.41
469,san ramon,37.78,-121.98,83.35,17,1,14.99
470,horta,38.53,-28.63,73.09,89,63,5.91
471,poum,-20.23,164.02,73.81,79,0,19.04
472,sawtell,-30.38,153.1,59.54,67,58,8.05
473,seoul,37.57,126.98,73.4,88,90,3.15
474,plettenberg bay,-34.05,23.37,54.09,67,51,1.12
475,oranjestad,12.52,-70.03,84.2,79,20,23.04
476,belmonte,-15.86,-38.88,75.2,73,18,6.93
477,bundaberg,-24.85,152.35,55.4,82,32,8.05
478,samarinda,-0.5,117.15,72.95,95,92,2.8
479,zhezkazgan,47.8,67.71,73.9,34,78,10.83
480,abonnema,4.71,6.79,75.2,100,75,4.29
481,narok,-1.08,35.86,54.0,77,1,1.9
482,muravlenko,63.79,74.52,54.5,58,100,10.47
483,necochea,-38.55,-58.74,50.0,76,100,5.01
484,talcahuano,-36.72,-73.12,53.6,81,75,6.93
485,san-pedro,4.75,-6.64,74.08,86,93,6.08
486,bismarck,46.81,-100.78,82.13,34,1,13.87
487,pinotepa de don luis,16.42,-97.92,85.24,56,89,7.52
488,mizan teferi,6.98,35.58,61.52,92,100,1.81
489,bonfim,3.08,-59.95,81.66,75,66,4.0
490,oga,46.46,10.35,53.92,100,20,1.12
491,bouca,6.51,18.27,69.98,96,100,1.21
492,bolobo,-2.17,16.23,79.45,53,99,0.69
493,nuuk,64.18,-51.72,55.4,66,57,6.93
494,baylo,7.85,126.06,73.96,90,44,0.65
495,fuxin,42.02,121.66,72.18,70,100,4.0
496,chernaya kholunitsa,58.85,51.72,56.64,90,62,1.21
497,havelock,34.88,-76.9,86.29,68,15,10.0
498,traverse city,44.76,-85.62,82.8,62,75,5.82
499,champoton,19.35,-90.72,87.8,66,90,17.22
500,mandalgovi,45.76,106.27,60.85,78,0,10.58
501,delemont,47.36,7.34,64.22,88,45,6.93
502,chauk,20.88,94.82,83.73,75,100,8.72
503,kambove,-10.88,26.6,54.41,62,33,8.12
504,tutoia,-2.76,-42.27,78.21,78,0,7.45
505,touros,-5.2,-35.46,73.4,88,75,6.93
506,babati,-4.22,35.75,56.62,84,11,2.01
507,graaff-reinet,-32.25,24.53,46.0,82,82,4.0
508,noumea,-22.28,166.46,73.72,73,2,3.36
509,pilot butte,50.47,-104.42,75.4,44,20,14.99
510,atar,20.52,-13.05,93.36,30,0,13.67
511,valenca do piaui,-6.41,-41.75,75.56,34,6,6.11
512,natchez,31.56,-91.4,82.4,78,40,11.41
513,denpasar,-8.65,115.22,78.8,100,20,9.17
514,loikaw,19.67,97.21,69.12,93,100,1.52
515,madaoua,14.07,5.96,88.88,49,1,8.39
516,malindi,-3.22,40.12,76.62,78,59,18.77
517,along,28.17,94.77,72.59,89,39,1.21
518,bonito,-21.12,-56.48,70.38,53,84,1.83
519,saint anthony,45.02,-93.22,85.5,58,20,9.17
520,high prairie,55.43,-116.49,73.78,53,0,6.82
521,high rock,26.62,-78.28,86.0,70,40,6.93
522,raudeberg,61.99,5.14,57.07,93,100,17.22
523,kununurra,-15.77,128.73,62.6,36,10,8.05
524,mogadishu,2.04,45.34,76.86,84,13,19.13
525,mecca,21.43,39.83,88.36,47,50,10.22
526,viedma,-40.81,-63.0,48.99,76,83,11.01
527,tomatlan,19.93,-105.25,84.92,69,80,6.96
528,lyuban,52.8,28.0,63.91,93,100,7.67
529,bonavista,48.65,-53.11,57.69,96,100,18.19
530,hirara,24.8,125.28,83.14,83,75,9.17
531,russell,32.35,-85.2,84.58,55,1,4.7
532,burns lake,54.23,-125.75,80.2,32,0,6.69
533,hakkari,37.58,44.17,63.12,29,0,3.4
534,marzuq,14.4,46.47,77.59,61,94,3.76
535,villaviciosa,43.48,-5.44,64.06,93,20,4.7
536,padang,-0.95,100.35,73.4,100,40,4.76
537,matam,15.62,-13.33,87.8,74,42,2.24
538,la seyne-sur-mer,43.1,5.88,76.03,57,0,5.99
539,palu,-0.89,119.87,73.87,79,63,3.06
540,talmenka,53.82,83.57,57.2,93,0,2.24
541,tamworth,52.63,-1.7,60.66,77,20,6.93
542,perth,-31.93,115.83,59.02,82,0,9.17
543,yabrud,33.97,36.66,80.6,54,0,4.7
544,paraiso,9.84,-83.87,71.76,83,75,8.05
545,veraval,20.9,70.37,83.07,82,1,11.21
546,novyy urgal,51.07,132.56,66.52,94,99,0.54
547,tongren,27.72,109.19,72.82,91,100,2.21
